,Building ID,Market,profit
569,Bldg-116481,Dallas,-2535.9299999999985
251,Bldg-068834,Atlanta,-869.45
834,Bldg-129259,Dallas,-535.01
833,Bldg-129225,Dallas,-412.84000000000015
1252,Bldg-223929,Denver,-55.32
1398,Bldg-430316,Dallas,-29.710000000000036
684,Bldg-116686,Denver,0.0
1210,Bldg-156228,Dallas,0.0
310,Bldg-086944,Denver,0.0
1228,Bldg-156335,Dallas,0.0
742,Bldg-118377,Dallas,0.0
405,Bldg-110217,Denver,0.0
1387,Bldg-390897,Atlanta,0.0
1253,Bldg-224452,Dallas,0.0
392,Bldg-109477,Atlanta,0.0
377,Bldg-109151,Dallas,0.0
1306,Bldg-384608,Atlanta,0.0
1291,Bldg-361118,Dallas,0.0
215,Bldg-061716,Atlanta,0.0
127,Bldg-038263,Atlanta,0.0
719,Bldg-117685,Atlanta,0.0
276,Bldg-075721,Atlanta,0.0
201,Bldg-060304,Atlanta,0.0
361,Bldg-108686,Denver,0.0
285,Bldg-078777,Atlanta,0.0
1290,Bldg-359461,Dallas,0.0
112,Bldg-038199,Atlanta,0.0
820,Bldg-125353,Dallas,0.0
330,Bldg-090924,Atlanta,0.0
147,Bldg-045200,Atlanta,0.0
1393,Bldg-424270,Dallas,0.0
441,Bldg-113640,Denver,0.0
870,Bldg-132408,Atlanta,0.0
1122,Bldg-155828,Dallas,0.0
746,Bldg-118397,Dallas,0.0
1098,Bldg-147669,Atlanta,0.0
1144,Bldg-155874,Dallas,0.0
1152,Bldg-155962,Dallas,0.0
1120,Bldg-155816,Dallas,0.0
1099,Bldg-147800,Denver,0.0
1155,Bldg-156001,Dallas,0.0
1159,Bldg-156027,Dallas,0.0
1160,Bldg-156031,Dallas,0.0
141,Bldg-038296,Atlanta,0.0
1154,Bldg-155976,Dallas,0.0
1543,Bldg-489868,Atlanta,0.28
1493,Bldg-489749,Atlanta,0.55
1558,Bldg-489923,Atlanta,0.83
1504,Bldg-489767,Atlanta,0.83
1541,Bldg-489865,Atlanta,0.83
1468,Bldg-489685,Atlanta,0.83
1499,Bldg-489757,Atlanta,0.83
1588,Bldg-490069,Atlanta,1.11
1518,Bldg-489805,Atlanta,1.11
1467,Bldg-489684,Atlanta,1.11
1434,Bldg-489614,Atlanta,1.38
1581,Bldg-490014,Atlanta,1.67
1554,Bldg-489904,Atlanta,1.67
1431,Bldg-489609,Atlanta,1.67
1486,Bldg-489724,Atlanta,1.67
1561,Bldg-489933,Atlanta,1.67
1538,Bldg-489859,Atlanta,1.67
1514,Bldg-489797,Atlanta,1.95
1549,Bldg-489890,Atlanta,1.95
1456,Bldg-489666,Atlanta,1.95
1496,Bldg-489752,Atlanta,1.95
1435,Bldg-489615,Atlanta,2.22
1585,Bldg-490049,Atlanta,3.33
1455,Bldg-489665,Atlanta,3.33
1478,Bldg-489710,Atlanta,3.33
1526,Bldg-489827,Atlanta,3.61
1522,Bldg-489823,Atlanta,3.61
1450,Bldg-489656,Atlanta,4.16
1580,Bldg-490011,Atlanta,4.44
1508,Bldg-489782,Atlanta,4.72
1568,Bldg-489952,Atlanta,4.72
1466,Bldg-489680,Atlanta,5.0
1428,Bldg-489605,Atlanta,5.0
1442,Bldg-489644,Atlanta,5.27
1575,Bldg-489981,Atlanta,5.55
1587,Bldg-490064,Atlanta,5.55
1557,Bldg-489921,Atlanta,6.38
1489,Bldg-489736,Atlanta,6.38
1449,Bldg-489655,Atlanta,6.93
1527,Bldg-489828,Atlanta,6.93
1506,Bldg-489772,Atlanta,6.93
1433,Bldg-489611,Atlanta,6.93
1584,Bldg-490038,Atlanta,7.21
1510,Bldg-489787,Atlanta,8.05
1590,Bldg-490086,Atlanta,8.05
1502,Bldg-489763,Atlanta,8.33
1446,Bldg-489649,Atlanta,8.6
1546,Bldg-489885,Atlanta,8.6
1548,Bldg-489889,Atlanta,9.16
1556,Bldg-489916,Atlanta,9.99
1576,Bldg-489986,Atlanta,10.27
1530,Bldg-489838,Atlanta,10.55
1480,Bldg-489713,Atlanta,10.55
1477,Bldg-489709,Atlanta,11.1
1470,Bldg-489689,Atlanta,11.93
1520,Bldg-489817,Atlanta,12.21
1551,Bldg-489896,Atlanta,12.21
1507,Bldg-489774,Atlanta,12.76
1537,Bldg-489856,Atlanta,13.6
1533,Bldg-489847,Atlanta,13.88
1082,Bldg-143099,Atlanta,14.64
1051,Bldg-143057,Atlanta,14.64
1550,Bldg-489891,Atlanta,14.71
711,Bldg-116753,Denver,14.87
1512,Bldg-489791,Atlanta,16.1
1565,Bldg-489946,Atlanta,17.48
1484,Bldg-489718,Atlanta,17.76
1544,Bldg-489872,Atlanta,18.03
1498,Bldg-489756,Atlanta,18.59
1524,Bldg-489825,Atlanta,18.87
1427,Bldg-489604,Atlanta,19.15
1483,Bldg-489717,Atlanta,19.15
1492,Bldg-489748,Atlanta,20.53
1571,Bldg-489961,Atlanta,20.53
1503,Bldg-489764,Atlanta,21.09
1592,Bldg-490092,Atlanta,21.36
1439,Bldg-489640,Atlanta,21.36
1488,Bldg-489733,Atlanta,21.64
1532,Bldg-489844,Atlanta,22.2
1487,Bldg-489727,Atlanta,22.75
1501,Bldg-489762,Atlanta,22.75
1542,Bldg-489867,Atlanta,23.03
1437,Bldg-489617,Atlanta,23.31
1454,Bldg-489662,Atlanta,23.86
1084,Bldg-143104,Atlanta,24.88
1579,Bldg-490005,Atlanta,25.25
1465,Bldg-489679,Atlanta,26.08
1462,Bldg-489674,Atlanta,27.75
1552,Bldg-489898,Atlanta,28.03
1582,Bldg-490023,Atlanta,28.31
1453,Bldg-489661,Atlanta,28.31
1523,Bldg-489824,Atlanta,28.86
1064,Bldg-143073,Atlanta,29.28
1511,Bldg-489790,Atlanta,29.41
1555,Bldg-489907,Atlanta,30.53
262,Bldg-075436,Atlanta,30.74
178,Bldg-058739,Atlanta,30.74
535,Bldg-115687,Atlanta,30.74
532,Bldg-115674,Atlanta,30.74
517,Bldg-115645,Atlanta,30.74
79,Bldg-038088,Atlanta,30.74
1440,Bldg-489641,Atlanta,31.36
1566,Bldg-489948,Atlanta,31.63
1266,Bldg-231970,Denver,31.85
1073,Bldg-143083,Atlanta,32.21
336,Bldg-093170,Atlanta,32.66
57,Bldg-038061,Atlanta,32.66
338,Bldg-094034,Dallas,32.66
629,Bldg-116583,Dallas,32.66
573,Bldg-116487,Dallas,32.66
620,Bldg-116568,Dallas,32.66
619,Bldg-116566,Dallas,32.66
102,Bldg-038174,Atlanta,32.66
579,Bldg-116495,Dallas,32.66
260,Bldg-075428,Atlanta,32.66
221,Bldg-061803,Atlanta,32.66
121,Bldg-038248,Atlanta,32.66
621,Bldg-116569,Dallas,32.66
575,Bldg-116489,Dallas,32.66
541,Bldg-115758,Atlanta,32.66
509,Bldg-115626,Atlanta,32.66
508,Bldg-115625,Atlanta,32.66
521,Bldg-115654,Atlanta,32.66
500,Bldg-115613,Atlanta,32.66
499,Bldg-115610,Atlanta,32.66
208,Bldg-060342,Atlanta,32.66
217,Bldg-061766,Atlanta,32.66
455,Bldg-115287,Atlanta,32.66
527,Bldg-115664,Atlanta,32.66
479,Bldg-115579,Atlanta,32.66
497,Bldg-115606,Atlanta,32.66
536,Bldg-115688,Atlanta,32.66
538,Bldg-115690,Atlanta,32.66
462,Bldg-115551,Atlanta,32.66
381,Bldg-109237,Denver,33.17
1460,Bldg-489671,Atlanta,33.3
417,Bldg-111198,Denver,33.62
1547,Bldg-489886,Atlanta,34.69
689,Bldg-116695,Denver,35.27
1531,Bldg-489840,Atlanta,35.52
1586,Bldg-490056,Atlanta,36.07
1463,Bldg-489675,Atlanta,36.07
1299,Bldg-384196,Denver,36.49000000000001
1529,Bldg-489837,Atlanta,36.63
1513,Bldg-489794,Atlanta,36.63
1471,Bldg-489690,Atlanta,36.91
1577,Bldg-489990,Atlanta,36.91
1479,Bldg-489712,Atlanta,38.01
1476,Bldg-489708,Atlanta,38.84
1445,Bldg-489648,Atlanta,39.68
1430,Bldg-489608,Atlanta,39.96
1519,Bldg-489811,Atlanta,40.24
1516,Bldg-489799,Atlanta,40.24
1464,Bldg-489676,Atlanta,40.51
1475,Bldg-489702,Atlanta,42.73
1509,Bldg-489785,Atlanta,43.01
1559,Bldg-489931,Atlanta,43.01
1441,Bldg-489642,Atlanta,43.84
1539,Bldg-489860,Atlanta,44.39
1457,Bldg-489668,Atlanta,44.96
1443,Bldg-489645,Atlanta,45.23
1438,Bldg-489618,Atlanta,46.62
1589,Bldg-490084,Atlanta,46.89
1458,Bldg-489669,Atlanta,47.73
1429,Bldg-489606,Atlanta,47.73
1578,Bldg-489997,Atlanta,49.39
1444,Bldg-489646,Atlanta,51.34
1263,Bldg-231961,Denver,51.37
1591,Bldg-490090,Atlanta,51.89
1569,Bldg-489955,Atlanta,51.89
1574,Bldg-489979,Atlanta,52.72
1521,Bldg-489820,Atlanta,52.72
348,Bldg-101636,Atlanta,55.32
731,Bldg-118226,Dallas,55.32
635,Bldg-116593,Denver,55.32
779,Bldg-121336,Dallas,55.32
643,Bldg-116608,Denver,55.32
776,Bldg-120632,Dallas,55.32
775,Bldg-120365,Dallas,55.32
842,Bldg-131680,Atlanta,55.32
568,Bldg-116474,Dallas,55.32
245,Bldg-068747,Atlanta,55.32
803,Bldg-124444,Denver,55.32
841,Bldg-131679,Atlanta,55.32
297,Bldg-081662,Denver,55.32
783,Bldg-121453,Dallas,55.32
701,Bldg-116729,Denver,55.32
40,Bldg-029881,Denver,55.32
1448,Bldg-489653,Atlanta,56.05
1572,Bldg-489962,Atlanta,57.72
1564,Bldg-489939,Atlanta,58.82
1573,Bldg-489971,Atlanta,59.94
1436,Bldg-489616,Atlanta,60.21
1481,Bldg-489715,Atlanta,60.49
1474,Bldg-489701,Atlanta,60.49
1078,Bldg-143091,Atlanta,61.48
1517,Bldg-489801,Atlanta,62.16
1536,Bldg-489855,Atlanta,62.71
1425,Bldg-489601,Atlanta,62.71
762,Bldg-119165,Dallas,63.06
1534,Bldg-489850,Atlanta,63.54
1270,Bldg-231980,Denver,64.22
1461,Bldg-489673,Atlanta,66.6
1494,Bldg-489750,Atlanta,69.65
385,Bldg-109245,Denver,70.19
1459,Bldg-489670,Atlanta,72.7
1567,Bldg-489949,Atlanta,75.75
1505,Bldg-489768,Atlanta,76.03
1472,Bldg-489693,Atlanta,79.08
1110,Bldg-148079,Denver,79.09
1482,Bldg-489716,Atlanta,80.41
169,Bldg-055336,Atlanta,82.19
1500,Bldg-489758,Atlanta,83.25
1540,Bldg-489861,Atlanta,84.63
1563,Bldg-489938,Atlanta,84.91
1490,Bldg-489745,Atlanta,85.18
1562,Bldg-489935,Atlanta,86.3
1473,Bldg-489698,Atlanta,86.85
1426,Bldg-489603,Atlanta,87.68
1583,Bldg-490030,Atlanta,87.96
1525,Bldg-489826,Atlanta,91.01
1495,Bldg-489751,Atlanta,91.01
1109,Bldg-148077,Denver,92.29
1553,Bldg-489900,Atlanta,92.4
1515,Bldg-489798,Atlanta,93.23
1081,Bldg-143095,Atlanta,95.92
1451,Bldg-489658,Atlanta,97.4
1272,Bldg-231982,Denver,102.74
1485,Bldg-489720,Atlanta,103.23
1491,Bldg-489747,Atlanta,104.06
1535,Bldg-489853,Atlanta,107.11
1545,Bldg-489884,Atlanta,107.11
1258,Bldg-231951,Denver,113.53
1560,Bldg-489932,Atlanta,122.64
424,Bldg-111371,Atlanta,124.64
465,Bldg-115556,Atlanta,125.41
431,Bldg-111834,Atlanta,125.41
467,Bldg-115559,Atlanta,125.41
355,Bldg-105291,Atlanta,125.41
1067,Bldg-143076,Atlanta,125.88
476,Bldg-115573,Atlanta,126.63
874,Bldg-132418,Atlanta,126.63
690,Bldg-116696,Denver,126.63
872,Bldg-132411,Atlanta,126.63
873,Bldg-132417,Atlanta,126.63
868,Bldg-132395,Atlanta,127.15
61,Bldg-038066,Atlanta,128.66
60,Bldg-038065,Atlanta,128.66
1432,Bldg-489610,Atlanta,134.86
334,Bldg-091634,Dallas,135.36
1068,Bldg-143077,Atlanta,142.2
1469,Bldg-489688,Atlanta,143.46
1570,Bldg-489959,Atlanta,144.57
1497,Bldg-489755,Atlanta,149.57
1452,Bldg-489660,Atlanta,162.32
1414,Bldg-458455,Atlanta,163.82000000000005
767,Bldg-119783,Dallas,165.96
207,Bldg-060338,Atlanta,165.96
788,Bldg-121649,Denver,165.96
114,Bldg-038221,Atlanta,165.96
770,Bldg-120246,Dallas,165.96
227,Bldg-061870,Atlanta,165.96
346,Bldg-100477,Atlanta,165.96
772,Bldg-120259,Dallas,165.96
233,Bldg-065054,Dallas,165.96
158,Bldg-054670,Atlanta,165.96
760,Bldg-118999,Dallas,165.96
382,Bldg-109238,Denver,165.96
83,Bldg-038097,Atlanta,165.96
613,Bldg-116553,Dallas,165.96
374,Bldg-109100,Denver,165.96
37,Bldg-022926,Atlanta,165.96
435,Bldg-112042,Denver,175.65000000000003
1528,Bldg-489836,Atlanta,178.98
193,Bldg-060263,Atlanta,180.29
1075,Bldg-143085,Atlanta,181.5
282,Bldg-078149,Denver,186.13
1059,Bldg-143068,Atlanta,188.82
444,Bldg-114209,Denver,193.62
1395,Bldg-427587,Atlanta,196.69
1276,Bldg-267572,Denver,205.46
1072,Bldg-143082,Atlanta,210.78
876,Bldg-132468,Atlanta,219.66
710,Bldg-116752,Denver,220.43
226,Bldg-061855,Atlanta,220.54
846,Bldg-131959,Atlanta,220.63
388,Bldg-109250,Denver,220.63
867,Bldg-132390,Atlanta,220.74
384,Bldg-109244,Denver,221.28
749,Bldg-118502,Dallas,221.28
143,Bldg-038298,Atlanta,221.3
865,Bldg-132336,Dallas,221.6
514,Bldg-115638,Atlanta,222.36
855,Bldg-132289,Denver,222.41
704,Bldg-116736,Denver,222.51
218,Bldg-061774,Atlanta,222.6
849,Bldg-132259,Denver,222.6
866,Bldg-132347,Atlanta,222.77
627,Bldg-116579,Dallas,222.77
862,Bldg-132316,Denver,222.83
858,Bldg-132300,Denver,222.83
856,Bldg-132293,Denver,222.83
875,Bldg-132432,Atlanta,223.23
871,Bldg-132410,Atlanta,223.27
860,Bldg-132304,Denver,223.57
859,Bldg-132302,Denver,223.57
700,Bldg-116728,Denver,223.57
854,Bldg-132288,Denver,223.57
863,Bldg-132327,Dallas,223.6
340,Bldg-094546,Dallas,223.6
137,Bldg-038289,Atlanta,223.6
369,Bldg-108980,Atlanta,224.3
617,Bldg-116564,Dallas,224.3
845,Bldg-131958,Atlanta,224.3
552,Bldg-116444,Dallas,224.3
844,Bldg-131728,Atlanta,224.3
869,Bldg-132405,Atlanta,224.39
513,Bldg-115635,Atlanta,224.41
492,Bldg-115597,Atlanta,224.41
39,Bldg-029754,Dallas,224.41
648,Bldg-116618,Denver,224.41
667,Bldg-116651,Denver,224.41
657,Bldg-116632,Denver,224.41
768,Bldg-119934,Denver,224.51
694,Bldg-116708,Denver,224.51
709,Bldg-116750,Denver,224.51
669,Bldg-116653,Denver,224.51
524,Bldg-115659,Atlanta,224.51
712,Bldg-116754,Denver,224.51
664,Bldg-116645,Denver,224.51
554,Bldg-116452,Dallas,224.51
478,Bldg-115575,Atlanta,224.51
210,Bldg-061652,Atlanta,224.51
494,Bldg-115599,Atlanta,224.51
495,Bldg-115600,Atlanta,224.51
658,Bldg-116635,Denver,224.51
623,Bldg-116572,Dallas,224.51
653,Bldg-116626,Denver,224.51
487,Bldg-115589,Atlanta,224.62
291,Bldg-081145,Denver,224.62
850,Bldg-132275,Denver,224.62
592,Bldg-116518,Dallas,224.62
590,Bldg-116516,Dallas,224.62
585,Bldg-116502,Dallas,224.62
64,Bldg-038070,Atlanta,224.62
534,Bldg-115678,Atlanta,224.62
483,Bldg-115584,Atlanta,224.62
522,Bldg-115655,Atlanta,224.62
655,Bldg-116629,Denver,224.62
857,Bldg-132294,Denver,224.62
566,Bldg-116467,Dallas,224.62
469,Bldg-115561,Atlanta,224.62
883,Bldg-134080,Denver,224.62
633,Bldg-116591,Denver,224.62
212,Bldg-061686,Atlanta,224.62
481,Bldg-115581,Atlanta,224.62
308,Bldg-086574,Atlanta,224.62
498,Bldg-115609,Atlanta,224.62
488,Bldg-115590,Atlanta,224.62
691,Bldg-116704,Denver,224.62
300,Bldg-081988,Atlanta,224.62
493,Bldg-115598,Atlanta,224.62
389,Bldg-109251,Denver,224.62
601,Bldg-116537,Dallas,224.62
618,Bldg-116565,Dallas,224.62
605,Bldg-116542,Dallas,224.62
394,Bldg-109700,Atlanta,224.62
600,Bldg-116535,Dallas,224.62
680,Bldg-116678,Denver,224.62
679,Bldg-116677,Denver,224.62
665,Bldg-116648,Denver,224.67
637,Bldg-116597,Denver,224.67
213,Bldg-061689,Atlanta,224.71
496,Bldg-115602,Atlanta,224.71
572,Bldg-116486,Dallas,224.71
459,Bldg-115443,Denver,224.71
344,Bldg-098524,Dallas,224.71
692,Bldg-116706,Denver,225.59
661,Bldg-116638,Denver,225.59
650,Bldg-116620,Denver,225.59
651,Bldg-116621,Denver,225.59
707,Bldg-116743,Denver,225.59
452,Bldg-114971,Denver,225.59
676,Bldg-116672,Denver,225.59
503,Bldg-115617,Atlanta,225.59
586,Bldg-116504,Dallas,225.62
839,Bldg-131563,Atlanta,225.62
864,Bldg-132328,Dallas,225.62
560,Bldg-116458,Dallas,225.62
349,Bldg-101781,Atlanta,225.62
477,Bldg-115574,Atlanta,225.62
448,Bldg-114355,Atlanta,225.62
211,Bldg-061657,Atlanta,225.62
345,Bldg-099874,Dallas,225.62
556,Bldg-116454,Dallas,225.62
703,Bldg-116735,Denver,225.77
596,Bldg-116526,Dallas,225.83
594,Bldg-116523,Dallas,225.83
593,Bldg-116522,Dallas,225.83
555,Bldg-116453,Dallas,225.83
397,Bldg-109813,Dallas,226.0
587,Bldg-116509,Dallas,226.0
584,Bldg-116501,Dallas,226.0
625,Bldg-116574,Dallas,226.0
604,Bldg-116541,Dallas,226.0
558,Bldg-116456,Dallas,226.0
632,Bldg-116587,Dallas,226.0
606,Bldg-116543,Dallas,226.0
610,Bldg-116548,Dallas,226.0
609,Bldg-116547,Dallas,226.0
607,Bldg-116544,Dallas,226.0
357,Bldg-105792,Dallas,226.0
547,Bldg-116429,Dallas,226.34
545,Bldg-116424,Dallas,226.34
567,Bldg-116472,Dallas,226.34
565,Bldg-116466,Dallas,226.34
501,Bldg-115615,Atlanta,226.42
530,Bldg-115670,Atlanta,226.42
486,Bldg-115588,Atlanta,226.42
520,Bldg-115651,Atlanta,226.42
512,Bldg-115634,Atlanta,226.42
511,Bldg-115633,Atlanta,226.42
290,Bldg-080556,Atlanta,226.42
450,Bldg-114723,Atlanta,226.42
518,Bldg-115648,Atlanta,226.42
456,Bldg-115319,Denver,226.88
852,Bldg-132284,Denver,226.89
652,Bldg-116624,Denver,226.89
418,Bldg-111204,Denver,226.89
686,Bldg-116690,Denver,226.89
688,Bldg-116693,Denver,226.89
715,Bldg-117059,Denver,226.89
697,Bldg-116714,Denver,226.89
352,Bldg-103565,Dallas,227.61
663,Bldg-116644,Denver,227.66
466,Bldg-115558,Atlanta,227.7
463,Bldg-115552,Atlanta,227.7
626,Bldg-116576,Dallas,227.7
631,Bldg-116586,Dallas,227.7
595,Bldg-116525,Dallas,227.7
125,Bldg-038255,Atlanta,227.7
580,Bldg-116496,Dallas,227.7
219,Bldg-061775,Atlanta,227.7
480,Bldg-115580,Atlanta,227.7
485,Bldg-115587,Atlanta,227.7
642,Bldg-116606,Denver,227.84
654,Bldg-116628,Denver,227.84
693,Bldg-116707,Denver,227.84
659,Bldg-116636,Denver,227.84
683,Bldg-116682,Denver,227.84
636,Bldg-116594,Denver,228.21
670,Bldg-116654,Denver,228.21
564,Bldg-116464,Dallas,228.43
612,Bldg-116552,Dallas,228.43
396,Bldg-109809,Dallas,228.43
529,Bldg-115669,Atlanta,228.43
597,Bldg-116528,Dallas,228.43
549,Bldg-116432,Dallas,228.43
548,Bldg-116430,Dallas,228.43
599,Bldg-116530,Dallas,228.43
630,Bldg-116584,Dallas,229.81
890,Bldg-137135,Dallas,236.37
889,Bldg-137134,Dallas,236.37
723,Bldg-117816,Dallas,236.37
888,Bldg-137132,Dallas,236.37
884,Bldg-135273,Dallas,236.37
892,Bldg-137142,Dallas,236.37
578,Bldg-116493,Dallas,238.41
148,Bldg-047559,Atlanta,239.12
1074,Bldg-143084,Atlanta,241.51
744,Bldg-118393,Dallas,248.83
798,Bldg-122519,Dallas,255.47
553,Bldg-116447,Dallas,256.11
490,Bldg-115593,Atlanta,256.26
533,Bldg-115676,Atlanta,257.28
489,Bldg-115591,Atlanta,257.28
539,Bldg-115691,Atlanta,258.28
885,Bldg-135464,Atlanta,258.28
510,Bldg-115628,Atlanta,258.44
516,Bldg-115644,Atlanta,259.08
660,Bldg-116637,Denver,260.06
299,Bldg-081987,Atlanta,260.32
525,Bldg-115662,Atlanta,260.36
639,Bldg-116601,Denver,261.01
622,Bldg-116570,Dallas,261.09000000000003
893,Bldg-137319,Atlanta,261.85
160,Bldg-054678,Atlanta,263.15
351,Bldg-103564,Atlanta,265.11
1063,Bldg-143072,Atlanta,273.71
649,Bldg-116619,Denver,278.15000000000003
1057,Bldg-143064,Atlanta,278.46
173,Bldg-057703,Denver,278.54
436,Bldg-112170,Denver,282.02
399,Bldg-109816,Dallas,283.75
1054,Bldg-143060,Atlanta,291.27
1086,Bldg-143106,Atlanta,292.74
1420,Bldg-475579,Atlanta,293.5
687,Bldg-116691,Denver,299.95
403,Bldg-110175,Denver,305.4
174,Bldg-058537,Atlanta,311.51
267,Bldg-075466,Atlanta,312.6
1062,Bldg-143071,Atlanta,314.69
375,Bldg-109147,Dallas,316.36
228,Bldg-061943,Atlanta,321.73
764,Bldg-119282,Dallas,322.7
821,Bldg-126519,Denver,322.7
1269,Bldg-231978,Denver,323.64
1268,Bldg-231976,Denver,325.44
1394,Bldg-427584,Atlanta,330.38
722,Bldg-117716,Dallas,331.92
139,Bldg-038294,Atlanta,335.76
1390,Bldg-409725,Atlanta,337.3
379,Bldg-109226,Atlanta,346.9
325,Bldg-090628,Atlanta,349.9
526,Bldg-115663,Atlanta,351.66
225,Bldg-061846,Atlanta,353.57
728,Bldg-117872,Dallas,354.23
523,Bldg-115656,Atlanta,354.87
222,Bldg-061804,Atlanta,355.36
1405,Bldg-440407,Atlanta,367.36
1259,Bldg-231953,Denver,375.01
1447,Bldg-489651,Atlanta,380.99
816,Bldg-125013,Dallas,382.81
811,Bldg-124988,Dallas,382.81
312,Bldg-087927,Atlanta,401.46
191,Bldg-060244,Atlanta,404.27
187,Bldg-059052,Denver,405.17
447,Bldg-114343,Denver,405.61
1058,Bldg-143067,Atlanta,406.91
72,Bldg-038081,Atlanta,411.52
372,Bldg-109081,Atlanta,413.3
427,Bldg-111520,Dallas,417.35
1106,Bldg-148057,Denver,436.29
1227,Bldg-156330,Dallas,437.95
1381,Bldg-390885,Atlanta,438.72
1389,Bldg-409718,Atlanta,438.82
1094,Bldg-147019,Atlanta,438.96
504,Bldg-115618,Atlanta,445.05
339,Bldg-094440,Atlanta,445.05
419,Bldg-111226,Atlanta,446.88
902,Bldg-138308,Dallas,447.2
576,Bldg-116491,Dallas,447.28
591,Bldg-116517,Dallas,448.22
666,Bldg-116650,Denver,448.82
457,Bldg-115334,Denver,448.92
673,Bldg-116659,Denver,449.02
668,Bldg-116652,Denver,449.03
616,Bldg-116560,Dallas,449.13
674,Bldg-116670,Denver,449.18
672,Bldg-116656,Denver,449.24
602,Bldg-116539,Dallas,449.24
634,Bldg-116592,Denver,449.24
295,Bldg-081157,Denver,449.24
705,Bldg-116739,Denver,449.42
656,Bldg-116630,Denver,449.44
853,Bldg-132285,Denver,449.66
546,Bldg-116428,Dallas,449.95
603,Bldg-116540,Dallas,450.03
678,Bldg-116676,Denver,450.21
851,Bldg-132280,Denver,450.24
301,Bldg-082114,Denver,450.39
608,Bldg-116546,Dallas,450.4500000000001
557,Bldg-116455,Dallas,450.62
391,Bldg-109476,Atlanta,451.04
368,Bldg-108979,Denver,451.18
682,Bldg-116681,Denver,451.18
681,Bldg-116680,Denver,451.18
677,Bldg-116675,Denver,451.18
708,Bldg-116745,Denver,451.54
153,Bldg-052821,Atlanta,451.7000000000001
341,Bldg-094711,Dallas,452.0
598,Bldg-116529,Dallas,452.02
473,Bldg-115569,Atlanta,452.21
482,Bldg-115583,Atlanta,452.32
390,Bldg-109254,Denver,452.51
515,Bldg-115643,Atlanta,452.84
638,Bldg-116600,Denver,452.92
611,Bldg-116551,Dallas,452.94
615,Bldg-116557,Dallas,453.14
675,Bldg-116671,Denver,453.43
696,Bldg-116713,Denver,453.78
698,Bldg-116715,Denver,453.78
614,Bldg-116554,Dallas,454.05
624,Bldg-116573,Dallas,455.4
313,Bldg-088480,Denver,455.68
794,Bldg-122186,Dallas,455.89
502,Bldg-115616,Atlanta,456.86
589,Bldg-116514,Dallas,458.07
202,Bldg-060314,Atlanta,459.59
199,Bldg-060287,Atlanta,459.97
699,Bldg-116718,Denver,460.22
733,Bldg-118232,Dallas,461.0
1093,Bldg-146958,Dallas,461.0
550,Bldg-116435,Dallas,461.0
507,Bldg-115623,Atlanta,461.13
537,Bldg-115689,Atlanta,462.82
713,Bldg-116755,Denver,463.89
577,Bldg-116492,Dallas,466.11
1383,Bldg-390889,Atlanta,466.19
1096,Bldg-147400,Denver,467.4
1089,Bldg-144495,Atlanta,468.51
420,Bldg-111239,Dallas,468.87
1071,Bldg-143081,Atlanta,469.85
900,Bldg-138033,Dallas,471.55
891,Bldg-137136,Dallas,471.55
1382,Bldg-390887,Atlanta,472.39
724,Bldg-117817,Dallas,472.74
1409,Bldg-456760,Atlanta,475.77
464,Bldg-115554,Atlanta,477.70999999999987
877,Bldg-132675,Dallas,489.12
771,Bldg-120254,Dallas,492.72
817,Bldg-125063,Dallas,497.66
146,Bldg-039840,Atlanta,497.88
721,Bldg-117690,Atlanta,497.88
1065,Bldg-143074,Atlanta,499.12
135,Bldg-038280,Atlanta,501.27
1265,Bldg-231968,Denver,501.98
471,Bldg-115565,Atlanta,506.36
118,Bldg-038241,Atlanta,506.58
96,Bldg-038148,Atlanta,507.25
646,Bldg-116615,Denver,507.8
748,Bldg-118498,Dallas,507.88
559,Bldg-116457,Dallas,508.46
80,Bldg-038091,Atlanta,523.27
105,Bldg-038185,Atlanta,526.01
1399,Bldg-430364,Atlanta,526.49
1048,Bldg-141653,Denver,528.23
133,Bldg-038276,Atlanta,532.01
1326,Bldg-384848,Atlanta,534.99
662,Bldg-116642,Denver,543.8
1330,Bldg-384855,Atlanta,544.6
328,Bldg-090796,Atlanta,544.6
329,Bldg-090808,Atlanta,544.6
331,Bldg-090979,Atlanta,544.6
332,Bldg-090990,Atlanta,544.6
412,Bldg-110630,Atlanta,544.6
335,Bldg-092817,Atlanta,544.6
277,Bldg-075724,Atlanta,544.6
275,Bldg-075720,Atlanta,544.6
720,Bldg-117687,Atlanta,544.6
826,Bldg-127208,Atlanta,544.6
274,Bldg-075717,Atlanta,544.6
542,Bldg-115765,Atlanta,544.6
519,Bldg-115650,Atlanta,544.6
1300,Bldg-384565,Atlanta,544.6
272,Bldg-075714,Atlanta,544.6
354,Bldg-104916,Atlanta,544.6
1286,Bldg-344536,Atlanta,544.6
271,Bldg-075706,Atlanta,544.6
270,Bldg-075515,Atlanta,544.6
269,Bldg-075513,Atlanta,544.6
1284,Bldg-336114,Atlanta,544.6
249,Bldg-068815,Atlanta,544.6
1282,Bldg-328562,Atlanta,544.6
254,Bldg-069031,Atlanta,544.6
273,Bldg-075715,Atlanta,544.6
1315,Bldg-384652,Atlanta,544.6
1314,Bldg-384651,Atlanta,544.6
1251,Bldg-183217,Atlanta,544.6
1328,Bldg-384851,Atlanta,544.6
1321,Bldg-384843,Atlanta,544.6
1325,Bldg-384847,Atlanta,544.6
322,Bldg-090557,Atlanta,544.6
183,Bldg-058758,Atlanta,544.6
179,Bldg-058751,Atlanta,544.6
320,Bldg-090373,Atlanta,544.6
402,Bldg-110085,Atlanta,544.6
1320,Bldg-384817,Atlanta,544.6
1316,Bldg-384655,Atlanta,544.6
1327,Bldg-384850,Atlanta,544.6
181,Bldg-058755,Atlanta,544.6
182,Bldg-058756,Atlanta,544.6
1329,Bldg-384852,Atlanta,544.6
1323,Bldg-384845,Atlanta,544.6
180,Bldg-058752,Atlanta,544.6
409,Bldg-110437,Atlanta,544.6
111,Bldg-038198,Atlanta,546.3
1396,Bldg-427589,Atlanta,546.67
582,Bldg-116499,Dallas,547.11
695,Bldg-116711,Denver,548.29
1297,Bldg-383497,Dallas,551.48
1274,Bldg-263644,Atlanta,557.04
1361,Bldg-386400,Atlanta,557.04
1283,Bldg-330593,Atlanta,557.04
342,Bldg-096379,Atlanta,557.81
769,Bldg-120213,Dallas,563.39
1385,Bldg-390893,Atlanta,564.81
239,Bldg-068634,Atlanta,567.74
1090,Bldg-144775,Dallas,572.99
1040,Bldg-139761,Dallas,576.25
264,Bldg-075459,Atlanta,577.26
142,Bldg-038297,Atlanta,578.7
241,Bldg-068658,Atlanta,583.0899999999999
551,Bldg-116443,Dallas,586.02
194,Bldg-060267,Atlanta,593.31
828,Bldg-127355,Dallas,595.08
831,Bldg-128166,Dallas,595.6099999999998
58,Bldg-038062,Atlanta,601.29
1397,Bldg-427592,Atlanta,602.67
1158,Bldg-156013,Dallas,607.06
1087,Bldg-143114,Atlanta,611.65
1415,Bldg-459907,Dallas,614.66
1116,Bldg-155791,Dallas,616.66
1157,Bldg-156012,Dallas,616.66
1133,Bldg-155857,Dallas,616.66
1137,Bldg-155862,Dallas,616.66
1156,Bldg-156004,Dallas,616.66
1146,Bldg-155880,Dallas,616.66
1195,Bldg-156181,Dallas,616.66
1161,Bldg-156050,Dallas,616.66
1231,Bldg-156351,Dallas,616.66
1224,Bldg-156297,Dallas,616.66
1208,Bldg-156220,Dallas,616.66
1239,Bldg-156413,Dallas,616.66
1241,Bldg-156418,Dallas,616.66
1246,Bldg-156439,Dallas,616.66
1247,Bldg-156443,Dallas,616.66
1248,Bldg-156446,Dallas,616.66
1207,Bldg-156218,Dallas,616.66
1206,Bldg-156217,Dallas,616.66
1201,Bldg-156209,Dallas,616.66
1230,Bldg-156348,Dallas,616.66
1194,Bldg-156176,Dallas,616.66
1168,Bldg-156059,Dallas,616.66
1184,Bldg-156134,Dallas,616.66
1183,Bldg-156133,Dallas,616.66
1182,Bldg-156132,Dallas,616.66
1171,Bldg-156067,Dallas,616.66
1175,Bldg-156081,Dallas,616.66
792,Bldg-122081,Dallas,620.39
1085,Bldg-143105,Atlanta,623.53
1262,Bldg-231959,Denver,624.9499999999998
359,Bldg-108659,Atlanta,631.11
92,Bldg-038133,Atlanta,636.18
640,Bldg-116602,Denver,643.04
106,Bldg-038189,Atlanta,648.09
258,Bldg-070695,Denver,650.93
326,Bldg-090675,Atlanta,652.32
1271,Bldg-231981,Denver,652.57
1267,Bldg-231974,Denver,652.57
1364,Bldg-386429,Atlanta,653.08
1281,Bldg-309118,Atlanta,653.08
1363,Bldg-386426,Atlanta,653.08
1370,Bldg-386552,Atlanta,653.08
1366,Bldg-386463,Atlanta,653.08
1411,Bldg-456994,Atlanta,653.08
1412,Bldg-457318,Atlanta,653.08
1421,Bldg-479066,Atlanta,653.08
1424,Bldg-484111,Atlanta,653.08
1275,Bldg-265008,Atlanta,653.08
1380,Bldg-386721,Atlanta,653.08
1379,Bldg-386719,Atlanta,653.08
1378,Bldg-386716,Atlanta,653.08
1377,Bldg-386714,Atlanta,653.08
1376,Bldg-386647,Atlanta,653.08
1375,Bldg-386635,Atlanta,653.08
1374,Bldg-386611,Atlanta,653.08
1372,Bldg-386589,Atlanta,653.08
1371,Bldg-386586,Atlanta,653.08
1369,Bldg-386538,Atlanta,653.08
1368,Bldg-386520,Atlanta,653.08
1367,Bldg-386467,Atlanta,653.08
1365,Bldg-386448,Atlanta,653.08
1279,Bldg-305169,Atlanta,653.08
1596,Bldg-493269,Atlanta,653.08
250,Bldg-068820,Atlanta,653.08
248,Bldg-068803,Atlanta,653.08
131,Bldg-038271,Atlanta,655.25
1145,Bldg-155877,Dallas,656.93
588,Bldg-116511,Dallas,657.13
164,Bldg-054718,Atlanta,663.84
298,Bldg-081986,Atlanta,666.16
1205,Bldg-156215,Dallas,668.45
184,Bldg-058764,Atlanta,670.48
356,Bldg-105321,Atlanta,671.52
343,Bldg-097698,Atlanta,671.53
644,Bldg-116609,Denver,673.8
380,Bldg-109234,Denver,674.88
505,Bldg-115619,Atlanta,674.93
1403,Bldg-436446,Dallas,676.14
836,Bldg-129724,Dallas,678.12
1212,Bldg-156248,Dallas,679.98
1222,Bldg-156292,Dallas,679.98
1417,Bldg-464007,Atlanta,679.98
1198,Bldg-156184,Dallas,679.98
1257,Bldg-231468,Dallas,679.98
1176,Bldg-156092,Dallas,679.98
1055,Bldg-143061,Atlanta,681.48
1112,Bldg-148348,Denver,684.59
563,Bldg-116463,Dallas,686.62
1294,Bldg-382504,Dallas,691.5
350,Bldg-103416,Dallas,691.5
755,Bldg-118845,Dallas,695.39
337,Bldg-093739,Atlanta,699.18
293,Bldg-081149,Denver,700.46
1052,Bldg-143058,Atlanta,704.21
197,Bldg-060284,Atlanta,704.99
1331,Bldg-384860,Atlanta,708.02
1249,Bldg-166451,Atlanta,709.94
1404,Bldg-436447,Dallas,714.55
1221,Bldg-156287,Dallas,714.55
428,Bldg-111606,Atlanta,718.39
1400,Bldg-436420,Dallas,722.24
645,Bldg-116610,Denver,722.3900000000001
189,Bldg-059751,Denver,722.42
1077,Bldg-143089,Atlanta,727.45
1095,Bldg-147020,Atlanta,731.61
255,Bldg-070187,Atlanta,737.6000000000001
454,Bldg-115261,Atlanta,743.45
1213,Bldg-156256,Dallas,745.29
1188,Bldg-156158,Dallas,745.29
107,Bldg-038191,Atlanta,751.9800000000001
1187,Bldg-156157,Dallas,752.96
1402,Bldg-436444,Dallas,752.96
1044,Bldg-140194,Atlanta,754.83
1043,Bldg-140193,Atlanta,755.94
237,Bldg-068599,Atlanta,756.6899999999999
307,Bldg-084918,Denver,757.88
647,Bldg-116616,Denver,758.28
289,Bldg-080551,Atlanta,758.38
1229,Bldg-156344,Dallas,760.65
1278,Bldg-292075,Dallas,763.73
1218,Bldg-156275,Dallas,763.73
1223,Bldg-156293,Dallas,763.73
628,Bldg-116581,Dallas,764.39
423,Bldg-111370,Atlanta,768.2
1401,Bldg-436423,Dallas,768.34
1219,Bldg-156281,Dallas,768.34
1388,Bldg-391047,Dallas,768.34
1066,Bldg-143075,Atlanta,768.44
474,Bldg-115571,Atlanta,769.11
440,Bldg-113411,Dallas,778.8099999999997
159,Bldg-054677,Atlanta,780.27
103,Bldg-038178,Atlanta,782.6800000000002
1416,Bldg-460190,Atlanta,786.78
323,Bldg-090571,Atlanta,786.78
1288,Bldg-349424,Atlanta,786.78
1113,Bldg-149131,Dallas,787.54
641,Bldg-116603,Denver,788.13
1080,Bldg-143093,Atlanta,788.93
1200,Bldg-156205,Dallas,793.31
1233,Bldg-156380,Dallas,793.31
1220,Bldg-156282,Dallas,793.31
795,Bldg-122241,Dallas,799.0800000000002
192,Bldg-060258,Atlanta,811.59
685,Bldg-116688,Denver,814.38
324,Bldg-090619,Atlanta,814.43
1418,Bldg-464049,Atlanta,814.43
130,Bldg-038269,Atlanta,814.43
1317,Bldg-384657,Atlanta,814.44
203,Bldg-060316,Atlanta,821.02
1079,Bldg-143092,Atlanta,822.59
1406,Bldg-440408,Atlanta,823.36
1386,Bldg-390895,Atlanta,824.52
162,Bldg-054691,Atlanta,826.11
1153,Bldg-155972,Dallas,827.11
1185,Bldg-156137,Dallas,829.03
22,Bldg-015364,Atlanta,835.6100000000001
583,Bldg-116500,Dallas,843.0400000000001
984,Bldg-138985,Denver,845.16
358,Bldg-106314,Dallas,845.16
956,Bldg-138931,Denver,845.16
1019,Bldg-139246,Denver,845.16
1035,Bldg-139323,Denver,845.16
967,Bldg-138950,Denver,845.16
930,Bldg-138886,Denver,845.16
997,Bldg-139014,Denver,845.17
74,Bldg-038083,Atlanta,848.6800000000002
1391,Bldg-409728,Atlanta,865.62
1295,Bldg-382601,Atlanta,875.13
1293,Bldg-372976,Atlanta,875.13
1287,Bldg-345553,Atlanta,875.13
461,Bldg-115476,Atlanta,877.52
702,Bldg-116733,Denver,880.66
185,Bldg-058800,Denver,885.12
1178,Bldg-156103,Dallas,885.48
737,Bldg-118323,Dallas,886.3199999999998
1264,Bldg-231967,Denver,890.52
1217,Bldg-156273,Dallas,894.34
1245,Bldg-156438,Dallas,894.34
1292,Bldg-363474,Dallas,894.34
806,Bldg-124580,Denver,906.64
122,Bldg-038250,Atlanta,908.7199999999999
1149,Bldg-155953,Dallas,909.13
1104,Bldg-148055,Denver,909.19
1298,Bldg-383601,Dallas,912.39
1594,Bldg-490682,Dallas,914.31
807,Bldg-124587,Denver,914.31
1140,Bldg-155865,Dallas,915.93
818,Bldg-125153,Dallas,916.49
1384,Bldg-390891,Atlanta,918.76
1236,Bldg-156407,Dallas,922.0
1100,Bldg-147803,Dallas,932.75
1103,Bldg-147834,Dallas,932.75
1232,Bldg-156358,Dallas,932.75
879,Bldg-133144,Dallas,932.75
1102,Bldg-147831,Dallas,932.75
1186,Bldg-156142,Dallas,932.75
1197,Bldg-156183,Dallas,932.75
1101,Bldg-147825,Dallas,932.75
1190,Bldg-156160,Dallas,932.75
1240,Bldg-156415,Dallas,932.75
1165,Bldg-156054,Dallas,943.97
1225,Bldg-156322,Dallas,943.97
1167,Bldg-156058,Dallas,943.97
1147,Bldg-155951,Dallas,943.97
1169,Bldg-156065,Dallas,943.97
1172,Bldg-156072,Dallas,943.97
1174,Bldg-156075,Dallas,943.97
1162,Bldg-156051,Dallas,943.97
1166,Bldg-156057,Dallas,943.97
1141,Bldg-155866,Dallas,943.97
1163,Bldg-156052,Dallas,943.97
1192,Bldg-156165,Dallas,943.97
1142,Bldg-155867,Dallas,943.97
1164,Bldg-156053,Dallas,943.97
1126,Bldg-155843,Dallas,943.97
1127,Bldg-155844,Dallas,943.97
1136,Bldg-155860,Dallas,943.97
1128,Bldg-155846,Dallas,943.97
1129,Bldg-155847,Dallas,943.97
1121,Bldg-155821,Dallas,943.97
1143,Bldg-155869,Dallas,943.97
1423,Bldg-480765,Dallas,945.05
216,Bldg-061751,Atlanta,948.73
99,Bldg-038163,Atlanta,952.04
1593,Bldg-490680,Dallas,960.41
1595,Bldg-490685,Dallas,964.26
230,Bldg-062045,Atlanta,975.48
126,Bldg-038259,Atlanta,975.48
1422,Bldg-480505,Dallas,983.46
1216,Bldg-156272,Dallas,983.46
1359,Bldg-385285,Dallas,985.19
78,Bldg-038087,Atlanta,1000.37
134,Bldg-038279,Atlanta,1002.55
1318,Bldg-384714,Atlanta,1006.51
1255,Bldg-231449,Dallas,1009.59
1179,Bldg-156114,Dallas,1009.59
204,Bldg-060323,Atlanta,1010.26
671,Bldg-116655,Denver,1010.33
1034,Bldg-139319,Denver,1010.36
5,Bldg-014863,Atlanta,1011.86
475,Bldg-115572,Atlanta,1013.5399999999998
1407,Bldg-450164,Dallas,1031.8
422,Bldg-111344,Dallas,1035.42
835,Bldg-129422,Denver,1036.31
944,Bldg-138911,Denver,1042.71
861,Bldg-132313,Denver,1042.71
1010,Bldg-139051,Denver,1042.71
941,Bldg-138905,Denver,1042.71
940,Bldg-138904,Denver,1042.71
933,Bldg-138891,Denver,1042.71
971,Bldg-138959,Denver,1042.71
808,Bldg-124610,Denver,1042.71
810,Bldg-124705,Denver,1042.71
981,Bldg-138980,Denver,1042.71
991,Bldg-138999,Denver,1042.71
993,Bldg-139006,Denver,1042.71
907,Bldg-138850,Denver,1042.71
949,Bldg-138921,Denver,1042.71
909,Bldg-138852,Denver,1042.71
976,Bldg-138965,Denver,1042.71
327,Bldg-090677,Atlanta,1048.0
1261,Bldg-231956,Denver,1052.28
196,Bldg-060278,Atlanta,1054.31
799,Bldg-122520,Dallas,1061.23
974,Bldg-138963,Denver,1067.99
983,Bldg-138983,Denver,1067.99
1114,Bldg-155770,Dallas,1071.44
1115,Bldg-155771,Dallas,1071.44
1134,Bldg-155858,Dallas,1071.44
1235,Bldg-156386,Dallas,1071.44
1234,Bldg-156384,Dallas,1071.44
1150,Bldg-155954,Dallas,1071.44
1148,Bldg-155952,Dallas,1071.44
757,Bldg-118939,Dallas,1071.98
1061,Bldg-143070,Atlanta,1077.26
992,Bldg-139002,Denver,1081.12
995,Bldg-139010,Denver,1081.12
1001,Bldg-139033,Denver,1081.12
920,Bldg-138872,Denver,1081.12
970,Bldg-138957,Denver,1081.12
922,Bldg-138874,Denver,1081.12
1016,Bldg-139068,Denver,1081.12
969,Bldg-138956,Denver,1081.12
302,Bldg-084506,Denver,1081.12
987,Bldg-138994,Denver,1081.12
1014,Bldg-139061,Denver,1081.12
946,Bldg-138914,Denver,1081.12
955,Bldg-138929,Denver,1081.12
938,Bldg-138899,Denver,1081.12
809,Bldg-124677,Denver,1081.12
303,Bldg-084510,Denver,1081.12
985,Bldg-138986,Denver,1081.12
311,Bldg-086976,Denver,1081.12
968,Bldg-138951,Denver,1081.12
901,Bldg-138034,Dallas,1086.43
1301,Bldg-384567,Atlanta,1089.2
1307,Bldg-384631,Atlanta,1089.2
1302,Bldg-384568,Atlanta,1089.2
1310,Bldg-384636,Atlanta,1089.2
1309,Bldg-384634,Atlanta,1089.2
1311,Bldg-384645,Atlanta,1089.2
1303,Bldg-384586,Atlanta,1089.2
1304,Bldg-384604,Atlanta,1089.2
1308,Bldg-384632,Atlanta,1089.2
1296,Bldg-382602,Atlanta,1089.2
278,Bldg-075727,Atlanta,1089.2
279,Bldg-075781,Atlanta,1089.2
1312,Bldg-384646,Atlanta,1089.2
268,Bldg-075467,Atlanta,1089.2
266,Bldg-075465,Atlanta,1089.2
263,Bldg-075441,Atlanta,1089.2
261,Bldg-075432,Atlanta,1089.2
1289,Bldg-358434,Atlanta,1089.2
286,Bldg-079521,Atlanta,1089.2
177,Bldg-058732,Atlanta,1089.2
1250,Bldg-170354,Atlanta,1089.2
1322,Bldg-384844,Atlanta,1089.2
321,Bldg-090547,Atlanta,1089.2
1319,Bldg-384816,Atlanta,1089.2
1313,Bldg-384649,Atlanta,1089.2
280,Bldg-075795,Atlanta,1089.2
252,Bldg-068949,Atlanta,1092.53
314,Bldg-088531,Denver,1098.03
333,Bldg-091032,Atlanta,1102.56
98,Bldg-038161,Atlanta,1102.79
400,Bldg-109818,Dallas,1104.47
1060,Bldg-143069,Atlanta,1110.94
786,Bldg-121548,Dallas,1111.44
316,Bldg-089921,Denver,1111.89
528,Bldg-115665,Atlanta,1124.1999999999998
432,Bldg-111944,Dallas,1124.84
1107,Bldg-148068,Denver,1127.15
472,Bldg-115566,Atlanta,1137.79
1076,Bldg-143086,Atlanta,1138.74
101,Bldg-038166,Atlanta,1160.59
1419,Bldg-464059,Dallas,1175.55
1036,Bldg-139324,Denver,1190.62
1324,Bldg-384846,Atlanta,1196.92
1070,Bldg-143079,Atlanta,1203.15
81,Bldg-038092,Atlanta,1209.45
470,Bldg-115564,Atlanta,1209.52
950,Bldg-138922,Denver,1215.58
805,Bldg-124565,Denver,1215.58
800,Bldg-124293,Denver,1215.58
1006,Bldg-139041,Denver,1215.58
959,Bldg-138937,Denver,1215.58
910,Bldg-138853,Denver,1215.58
921,Bldg-138873,Denver,1215.58
923,Bldg-138876,Denver,1215.58
999,Bldg-139028,Denver,1215.58
931,Bldg-138888,Denver,1215.58
962,Bldg-138942,Denver,1215.58
1000,Bldg-139029,Denver,1215.58
761,Bldg-119160,Dallas,1223.77
353,Bldg-103931,Dallas,1224.8400000000001
714,Bldg-116884,Dallas,1228.79
1117,Bldg-155797,Dallas,1233.32
1209,Bldg-156221,Dallas,1233.32
1181,Bldg-156131,Dallas,1233.32
1305,Bldg-384606,Atlanta,1235.33
109,Bldg-038195,Atlanta,1240.47
214,Bldg-061710,Atlanta,1241.48
1027,Bldg-139268,Denver,1248.24
1280,Bldg-307655,Atlanta,1254.54
727,Bldg-117839,Dallas,1256.11
1038,Bldg-139331,Denver,1257.85
458,Bldg-115383,Atlanta,1281.84
108,Bldg-038192,Atlanta,1281.92
574,Bldg-116488,Dallas,1282.3899999999999
413,Bldg-110632,Atlanta,1284.15
200,Bldg-060301,Atlanta,1285.89
415,Bldg-110795,Denver,1286.08
706,Bldg-116741,Denver,1291.2
1092,Bldg-146286,Denver,1301.13
1042,Bldg-140064,Atlanta,1301.87
1362,Bldg-386409,Atlanta,1306.16
240,Bldg-068635,Atlanta,1306.16
1373,Bldg-386600,Atlanta,1306.16
209,Bldg-060344,Atlanta,1306.94
752,Bldg-118661,Dallas,1310.07
1018,Bldg-139245,Denver,1311.62
265,Bldg-075463,Atlanta,1316.9
996,Bldg-139012,Denver,1327.68
951,Bldg-138923,Denver,1341.64
257,Bldg-070477,Atlanta,1344.8899999999999
370,Bldg-109029,Atlanta,1351.9
48,Bldg-037241,Denver,1354.95
1214,Bldg-156258,Dallas,1371.48
1069,Bldg-143078,Atlanta,1375.86
730,Bldg-118224,Dallas,1383.0
383,Bldg-109240,Denver,1415.58
18,Bldg-015202,Atlanta,1417.13
1332,Bldg-384867,Atlanta,1429.87
1358,Bldg-385131,Dallas,1430.66
1356,Bldg-385116,Dallas,1430.66
1347,Bldg-385060,Dallas,1430.66
1285,Bldg-343193,Dallas,1430.66
1348,Bldg-385061,Dallas,1430.66
1355,Bldg-385115,Dallas,1430.66
1350,Bldg-385063,Dallas,1430.66
1351,Bldg-385066,Dallas,1430.66
1352,Bldg-385069,Dallas,1430.66
1353,Bldg-385110,Dallas,1430.66
1354,Bldg-385114,Dallas,1430.66
1277,Bldg-291666,Dallas,1430.66
1349,Bldg-385062,Dallas,1430.66
1346,Bldg-385059,Dallas,1430.66
1338,Bldg-385045,Dallas,1430.66
1344,Bldg-385057,Dallas,1430.66
16,Bldg-015190,Dallas,1430.66
1334,Bldg-385036,Dallas,1430.66
1335,Bldg-385037,Dallas,1430.66
1345,Bldg-385058,Dallas,1430.66
1336,Bldg-385039,Dallas,1430.66
1337,Bldg-385041,Dallas,1430.66
1357,Bldg-385119,Dallas,1430.66
787,Bldg-121643,Dallas,1430.66
1339,Bldg-385047,Dallas,1430.66
1340,Bldg-385053,Dallas,1430.66
1341,Bldg-385054,Dallas,1430.66
1342,Bldg-385055,Dallas,1430.66
1343,Bldg-385056,Dallas,1430.66
758,Bldg-118978,Dallas,1439.7
1243,Bldg-156433,Dallas,1439.87
1193,Bldg-156166,Dallas,1442.62
451,Bldg-114863,Atlanta,1451.33
170,Bldg-055388,Atlanta,1463.21
410,Bldg-110460,Atlanta,1466.16
1237,Bldg-156409,Dallas,1490.58
926,Bldg-138880,Denver,1494.03
1053,Bldg-143059,Atlanta,1497.13
1097,Bldg-147402,Denver,1499.77
76,Bldg-038085,Atlanta,1503.82
1196,Bldg-156182,Dallas,1516.7
819,Bldg-125296,Dallas,1529.16
157,Bldg-054666,Atlanta,1529.2
1408,Bldg-456456,Dallas,1530.6200000000001
1020,Bldg-139247,Denver,1540.98
544,Bldg-116420,Dallas,1543.9
988,Bldg-138995,Denver,1546.74
1226,Bldg-156326,Dallas,1551.27
1242,Bldg-156420,Dallas,1555.88
56,Bldg-038059,Atlanta,1556.02
1088,Bldg-143190,Dallas,1563.16
763,Bldg-119260,Dallas,1573.25
367,Bldg-108825,Atlanta,1599.41
68,Bldg-038074,Atlanta,1607.37
373,Bldg-109094,Atlanta,1608.83
206,Bldg-060334,Atlanta,1618.81
21,Bldg-015339,Atlanta,1652.12
785,Bldg-121533,Dallas,1655.67
756,Bldg-118922,Dallas,1657.76
899,Bldg-138000,Atlanta,1678.04
897,Bldg-137821,Denver,1678.69
1118,Bldg-155802,Dallas,1688.1
416,Bldg-110966,Atlanta,1691.66
1050,Bldg-143056,Atlanta,1697.86
741,Bldg-118374,Dallas,1709.6999999999996
773,Bldg-120264,Dallas,1712.05
932,Bldg-138889,Denver,1721.08
1215,Bldg-156270,Dallas,1731.06
975,Bldg-138964,Denver,1734.21
1123,Bldg-155838,Dallas,1737.28
1211,Bldg-156230,Dallas,1769.47
1244,Bldg-156436,Dallas,1788.6799999999996
531,Bldg-115672,Atlanta,1801.1299999999999
825,Bldg-127121,Denver,1804.3999999999999
829,Bldg-127432,Dallas,1810.49
491,Bldg-115594,Atlanta,1822.58
1125,Bldg-155840,Dallas,1838.31
739,Bldg-118364,Dallas,1840.61
1177,Bldg-156095,Dallas,1842.47
754,Bldg-118825,Dallas,1849.18
581,Bldg-116498,Dallas,1857.7000000000007
1151,Bldg-155956,Dallas,1859.9
1005,Bldg-139039,Denver,1868.28
1012,Bldg-139058,Denver,1868.28
117,Bldg-038240,Atlanta,1871.25
223,Bldg-061814,Atlanta,1882.72
1170,Bldg-156066,Dallas,1887.94
1204,Bldg-156214,Dallas,1887.94
1124,Bldg-155839,Dallas,1887.94
1238,Bldg-156412,Dallas,1887.94
1130,Bldg-155854,Dallas,1887.94
1173,Bldg-156073,Dallas,1887.94
1132,Bldg-155856,Dallas,1887.94
1135,Bldg-155859,Dallas,1887.94
1139,Bldg-155864,Dallas,1887.94
404,Bldg-110179,Denver,1906.28
149,Bldg-048883,Atlanta,1910.45
939,Bldg-138900,Denver,1926.28
953,Bldg-138927,Denver,1926.29
802,Bldg-124362,Denver,1927.83
1056,Bldg-143063,Atlanta,1932.05
1045,Bldg-140252,Dallas,1935.8
1024,Bldg-139261,Denver,1940.04
434,Bldg-111956,Atlanta,1943.88
1410,Bldg-456897,Atlanta,1959.24
1203,Bldg-156211,Dallas,1977.84
1180,Bldg-156128,Dallas,1978.61
33,Bldg-018762,Atlanta,1988.37
246,Bldg-068765,Atlanta,2005.0
915,Bldg-138863,Denver,2060.75
163,Bldg-054708,Atlanta,2074.55
1199,Bldg-156204,Dallas,2083.7200000000007
994,Bldg-139007,Denver,2085.42
924,Bldg-138878,Denver,2085.42
906,Bldg-138848,Denver,2085.42
1007,Bldg-139042,Denver,2085.42
913,Bldg-138861,Denver,2104.62
154,Bldg-053008,Atlanta,2106.8200000000006
1013,Bldg-139059,Denver,2106.85
801,Bldg-124309,Denver,2118.37
963,Bldg-138945,Denver,2123.83
172,Bldg-057700,Denver,2124.03
429,Bldg-111664,Dallas,2125.57
847,Bldg-131995,Dallas,2139.5200000000004
1119,Bldg-155811,Dallas,2142.88
167,Bldg-054726,Atlanta,2143.71
1413,Bldg-457758,Denver,2145.4
935,Bldg-138895,Denver,2149.11
1025,Bldg-139262,Denver,2152.94
990,Bldg-138997,Denver,2162.24
917,Bldg-138868,Denver,2162.24
961,Bldg-138941,Denver,2162.24
1015,Bldg-139064,Denver,2162.24
972,Bldg-138961,Denver,2162.24
128,Bldg-038266,Atlanta,2165.18
936,Bldg-138897,Denver,2175.23
973,Bldg-138962,Denver,2175.23
1011,Bldg-139056,Denver,2175.62
318,Bldg-089928,Denver,2175.99
45,Bldg-032124,Denver,2189.34
925,Bldg-138879,Denver,2192.13
484,Bldg-115585,Atlanta,2197.17
980,Bldg-138977,Denver,2210.57
753,Bldg-118824,Dallas,2216.5500000000006
205,Bldg-060325,Atlanta,2253.82
919,Bldg-138871,Denver,2280.96
978,Bldg-138967,Denver,2296.7
998,Bldg-139027,Denver,2296.7
774,Bldg-120272,Dallas,2296.89
848,Bldg-132257,Denver,2311.19
837,Bldg-131162,Dallas,2340.55
365,Bldg-108780,Atlanta,2346.93
954,Bldg-138928,Denver,2365.85
287,Bldg-080112,Denver,2376.09
1033,Bldg-139307,Denver,2403.32
1039,Bldg-139716,Denver,2415.59
433,Bldg-111955,Denver,2420.64
1108,Bldg-148074,Denver,2429.7
1003,Bldg-139037,Denver,2431.16
979,Bldg-138976,Denver,2431.16
989,Bldg-138996,Denver,2431.16
905,Bldg-138847,Denver,2431.16
132,Bldg-038272,Atlanta,2432.73
407,Bldg-110365,Denver,2436.2699999999995
887,Bldg-136936,Dallas,2442.69
561,Bldg-116459,Dallas,2450.1099999999997
1191,Bldg-156163,Dallas,2455.99
957,Bldg-138933,Denver,2459.51
1105,Bldg-148056,Denver,2459.67
1046,Bldg-140512,Atlanta,2461.17
1032,Bldg-139306,Denver,2466.04
1030,Bldg-139282,Denver,2496.48
165,Bldg-054722,Atlanta,2507.11
406,Bldg-110290,Dallas,2538.9700000000007
734,Bldg-118239,Dallas,2544.11
894,Bldg-137362,Denver,2550.41
1189,Bldg-156159,Dallas,2553.94
880,Bldg-133566,Atlanta,2582.37
376,Bldg-109148,Dallas,2584.0
229,Bldg-062005,Atlanta,2604.5099999999998
190,Bldg-059753,Denver,2631.94
896,Bldg-137688,Dallas,2647.26
942,Bldg-138908,Denver,2661.28
1138,Bldg-155863,Dallas,2683.4700000000007
220,Bldg-061784,Atlanta,2690.4700000000003
878,Bldg-133082,Dallas,2695.5800000000004
305,Bldg-084698,Denver,2702.8900000000003
443,Bldg-114140,Dallas,2710.6800000000007
540,Bldg-115716,Atlanta,2775.1400000000003
468,Bldg-115560,Atlanta,2789.27
86,Bldg-038109,Atlanta,2790.38
918,Bldg-138869,Denver,2834.54
1360,Bldg-385289,Dallas,2861.32
1002,Bldg-139036,Denver,2866.73
782,Bldg-121386,Dallas,2897.51
943,Bldg-138910,Denver,2899.84
929,Bldg-138883,Denver,2930.58
411,Bldg-110461,Atlanta,2938.71
960,Bldg-138940,Denver,2968.99
945,Bldg-138912,Denver,2989.66
1131,Bldg-155855,Dallas,3010.79
292,Bldg-081148,Denver,3015.25
188,Bldg-059613,Denver,3031.95
242,Bldg-068666,Atlanta,3054.94
1004,Bldg-139038,Denver,3083.86
1031,Bldg-139298,Denver,3088.39
315,Bldg-088695,Atlanta,3111.38
965,Bldg-138947,Denver,3131.74
1023,Bldg-139260,Denver,3132.57
966,Bldg-138948,Denver,3134.8
911,Bldg-138857,Denver,3154.86
822,Bldg-126879,Dallas,3158.37
439,Bldg-113392,Denver,3184.94
1017,Bldg-139069,Denver,3205.26
882,Bldg-133895,Denver,3227.0
387,Bldg-109249,Denver,3230.8
916,Bldg-138867,Denver,3256.35
100,Bldg-038164,Atlanta,3280.79
947,Bldg-138915,Denver,3283.24
986,Bldg-138989,Denver,3307.07
306,Bldg-084699,Denver,3326.07
82,Bldg-038095,Atlanta,3327.18
256,Bldg-070381,Atlanta,3344.7099999999996
35,Bldg-018765,Atlanta,3368.26
571,Bldg-116485,Dallas,3384.600000000001
726,Bldg-117838,Dallas,3405.74
1083,Bldg-143100,Atlanta,3442.5599999999995
198,Bldg-060286,Atlanta,3449.8399999999992
1256,Bldg-231452,Dallas,3454.81
912,Bldg-138859,Denver,3463.8
1202,Bldg-156210,Dallas,3499.22
1022,Bldg-139259,Denver,3531.79
1021,Bldg-139248,Denver,3549.1
1047,Bldg-140882,Denver,3551.3499999999995
296,Bldg-081210,Denver,3593.57
438,Bldg-113338,Dallas,3598.64
89,Bldg-038120,Atlanta,3620.97
804,Bldg-124552,Denver,3647.83
904,Bldg-138846,Denver,3648.59
838,Bldg-131561,Atlanta,3682.86
161,Bldg-054690,Atlanta,3722.38
1091,Bldg-146242,Atlanta,3806.32
982,Bldg-138982,Denver,3808.71
73,Bldg-038082,Atlanta,3821.1200000000003
927,Bldg-138881,Denver,3830.98
827,Bldg-127294,Dallas,3849.49
235,Bldg-065354,Atlanta,3879.98
54,Bldg-038055,Atlanta,3886.48
717,Bldg-117412,Atlanta,3887.71
570,Bldg-116484,Dallas,3927.619999999998
506,Bldg-115622,Atlanta,3967.36
243,Bldg-068694,Atlanta,3980.33
784,Bldg-121487,Dallas,4013.11
747,Bldg-118398,Dallas,4029.96
765,Bldg-119697,Dallas,4055.2599999999998
937,Bldg-138898,Denver,4059.2
1260,Bldg-231955,Denver,4064.34
908,Bldg-138851,Denver,4066.94
977,Bldg-138966,Denver,4073.86
1392,Bldg-416226,Denver,4110.7
378,Bldg-109207,Atlanta,4167.35
790,Bldg-121942,Dallas,4184.110000000001
115,Bldg-038227,Atlanta,4191.4
948,Bldg-138919,Denver,4205.24
928,Bldg-138882,Denver,4229.6799999999985
562,Bldg-116462,Dallas,4259.64
347,Bldg-100528,Atlanta,4344.71
886,Bldg-135753,Dallas,4354.76
1008,Bldg-139046,Denver,4393.47
166,Bldg-054725,Atlanta,4430.91
1009,Bldg-139048,Denver,4434.96
53,Bldg-038053,Atlanta,4538.959999999999
898,Bldg-137824,Atlanta,4552.09
123,Bldg-038251,Atlanta,4554.98
1037,Bldg-139327,Denver,4574.63
814,Bldg-124993,Dallas,4576.82
815,Bldg-124998,Dallas,4610.0
171,Bldg-055441,Denver,4668.32
155,Bldg-054061,Atlanta,4680.01
952,Bldg-138926,Denver,4681.450000000002
317,Bldg-089927,Denver,4693.12
1028,Bldg-139274,Denver,4716.96
843,Bldg-131708,Denver,4745.18
91,Bldg-038126,Atlanta,4755.08
145,Bldg-038587,Dallas,4806.63
797,Bldg-122496,Dallas,4850.24
50,Bldg-037367,Atlanta,4904.67
1029,Bldg-139275,Denver,4932.08
1026,Bldg-139265,Denver,4932.08
129,Bldg-038267,Atlanta,4937.070000000001
238,Bldg-068621,Atlanta,4938.42
718,Bldg-117484,Denver,5072.48
8,Bldg-014932,Denver,5150.14
832,Bldg-128946,Dallas,5194.5599999999995
20,Bldg-015325,Denver,5204.84
136,Bldg-038282,Atlanta,5208.04
964,Bldg-138946,Denver,5303.190000000001
408,Bldg-110412,Dallas,5441.09
232,Bldg-064841,Atlanta,5455.709999999999
793,Bldg-122102,Dallas,5692.37
259,Bldg-074839,Denver,5697.41
1333,Bldg-385034,Dallas,5722.64
52,Bldg-038052,Atlanta,5843.1
840,Bldg-131667,Atlanta,5862.61
247,Bldg-068789,Atlanta,5914.6799999999985
1111,Bldg-148082,Denver,5997.18
460,Bldg-115475,Atlanta,6000.44
36,Bldg-018767,Atlanta,6142.98
393,Bldg-109643,Atlanta,6154.42
903,Bldg-138755,Dallas,6254.96
958,Bldg-138936,Denver,6261.230000000001
116,Bldg-038233,Atlanta,6321.73
32,Bldg-018759,Atlanta,6329.35
796,Bldg-122356,Dallas,6443.860000000001
386,Bldg-109247,Denver,6617.1500000000015
168,Bldg-054826,Atlanta,6620.3499999999985
425,Bldg-111386,Denver,6730.090000000003
1041,Bldg-140009,Denver,6753.75
401,Bldg-110025,Denver,6828.33
735,Bldg-118244,Dallas,6833.55
780,Bldg-121337,Dallas,6968.43
914,Bldg-138862,Denver,6993.52
766,Bldg-119712,Dallas,7039.769999999999
421,Bldg-111343,Dallas,7172.299999999998
751,Bldg-118551,Dallas,7453.45
743,Bldg-118383,Dallas,7453.45
750,Bldg-118547,Dallas,7453.45
881,Bldg-133709,Denver,7495.319999999999
244,Bldg-068730,Atlanta,7509.69
110,Bldg-038197,Atlanta,7617.91
156,Bldg-054665,Atlanta,7742.979999999999
934,Bldg-138893,Denver,7767.26
360,Bldg-108671,Denver,8094.379999999998
453,Bldg-115207,Dallas,8234.609999999999
745,Bldg-118396,Dallas,8653.06
445,Bldg-114230,Dallas,8837.34
113,Bldg-038220,Atlanta,8920.05
14,Bldg-015169,Denver,9241.27
1254,Bldg-228082,Denver,9504.68
19,Bldg-015260,Dallas,9825.619999999995
87,Bldg-038113,Atlanta,9855.96
789,Bldg-121917,Dallas,9914.16
362,Bldg-108721,Denver,10050.530000000002
895,Bldg-137677,Dallas,10070.21
85,Bldg-038105,Atlanta,10340.05
41,Bldg-030429,Atlanta,10373.09
812,Bldg-124990,Dallas,10637.37
23,Bldg-015500,Dallas,11417.529999999999
309,Bldg-086913,Denver,11485.24
124,Bldg-038254,Atlanta,11502.19
11,Bldg-015164,Dallas,11637.56
824,Bldg-127085,Dallas,11835.279999999997
140,Bldg-038295,Atlanta,11889.19
236,Bldg-068374,Denver,11933.419999999998
12,Bldg-015167,Denver,12092.300000000001
88,Bldg-038118,Atlanta,12357.22
66,Bldg-038072,Atlanta,12640.82
51,Bldg-038051,Atlanta,12688.470000000001
759,Bldg-118998,Dallas,12754.49
0,Bldg-011543,Denver,12755.649999999996
4,Bldg-014640,Dallas,13201.280000000002
437,Bldg-112465,Denver,13462.009999999998
195,Bldg-060276,Atlanta,13492.329999999993
17,Bldg-015201,Atlanta,13503.099999999999
371,Bldg-109034,Atlanta,13661.74
294,Bldg-081150,Denver,13782.37
791,Bldg-122016,Dallas,14264.77
94,Bldg-038146,Atlanta,14773.52
151,Bldg-051753,Denver,14776.39
442,Bldg-113893,Dallas,14883.519999999995
813,Bldg-124991,Dallas,14986.5
71,Bldg-038080,Atlanta,15331.01
93,Bldg-038139,Atlanta,15693.040000000006
224,Bldg-061816,Atlanta,16271.48
288,Bldg-080175,Denver,16620.09
253,Bldg-069003,Atlanta,16692.35
175,Bldg-058585,Atlanta,16919.63
319,Bldg-090300,Dallas,16977.56
59,Bldg-038063,Atlanta,17569.349999999995
426,Bldg-111419,Atlanta,17580.079999999998
138,Bldg-038290,Atlanta,17587.8
46,Bldg-033953,Atlanta,17615.34
716,Bldg-117275,Dallas,17707.530000000002
27,Bldg-016875,Dallas,17862.28
778,Bldg-120868,Dallas,17958.62
97,Bldg-038160,Atlanta,19107.67
1049,Bldg-141712,Atlanta,19453.02
119,Bldg-038242,Atlanta,20056.760000000002
10,Bldg-015161,Dallas,20665.620000000003
55,Bldg-038056,Atlanta,20891.590000000004
414,Bldg-110661,Denver,21431.94
781,Bldg-121340,Dallas,21560.390000000007
446,Bldg-114241,Denver,21888.57
823,Bldg-127057,Dallas,21968.7
84,Bldg-038101,Atlanta,22648.93
231,Bldg-064838,Atlanta,22824.39
9,Bldg-015126,Dallas,23142.22
43,Bldg-031512,Dallas,23315.39
732,Bldg-118231,Dallas,25818.28
366,Bldg-108807,Atlanta,25854.49
62,Bldg-038067,Atlanta,25981.38
69,Bldg-038076,Atlanta,26081.46000000001
49,Bldg-037366,Atlanta,26437.899999999998
70,Bldg-038079,Atlanta,27740.61
725,Bldg-117819,Dallas,28145.26
449,Bldg-114698,Dallas,28327.69
186,Bldg-058803,Denver,30381.239999999994
284,Bldg-078441,Dallas,33279.62
104,Bldg-038179,Atlanta,33348.74000000002
63,Bldg-038068,Atlanta,33705.01000000003
281,Bldg-078056,Dallas,34401.02
144,Bldg-038523,Atlanta,35345.48999999999
2,Bldg-014141,Denver,36666.750000000015
15,Bldg-015180,Denver,36880.0
34,Bldg-018764,Atlanta,38778.639999999985
24,Bldg-016418,Dallas,39260.49
543,Bldg-115835,Denver,39837.850000000006
150,Bldg-051752,Denver,43847.689999999995
77,Bldg-038086,Atlanta,45847.37
364,Bldg-108725,Denver,46509.04
1273,Bldg-236056,Dallas,49353.52000000002
395,Bldg-109799,Dallas,50239.00000000001
152,Bldg-051755,Denver,51396.67000000001
44,Bldg-031893,Denver,56116.45000000001
738,Bldg-118324,Dallas,57965.409999999974
67,Bldg-038073,Atlanta,58270.4
30,Bldg-018752,Atlanta,58432.28000000001
176,Bldg-058730,Atlanta,63266.82
31,Bldg-018754,Atlanta,64487.77999999998
95,Bldg-038147,Atlanta,65000.629999999925
47,Bldg-036879,Atlanta,65230.810000000005
90,Bldg-038124,Atlanta,69821.31
38,Bldg-027193,Atlanta,70307.97000000015
13,Bldg-015168,Denver,70614.37000000002
120,Bldg-038246,Atlanta,74394.57
29,Bldg-018751,Atlanta,87787.89
6,Bldg-014864,Atlanta,91862.60000000008
729,Bldg-118217,Dallas,92765.87000000002
736,Bldg-118304,Dallas,94153.51000000008
75,Bldg-038084,Atlanta,110568.83
25,Bldg-016855,Atlanta,113663.96000000012
26,Bldg-016856,Atlanta,152315.66999999998
830,Bldg-128031,Dallas,160075.85000000036
363,Bldg-108724,Denver,185357.29
777,Bldg-120678,Dallas,207659.56
234,Bldg-065056,Dallas,286741.9100000002
740,Bldg-118366,Dallas,299709.65000000043
398,Bldg-109814,Dallas,337213.3399999995
283,Bldg-078151,Denver,342988.50999999966
304,Bldg-084537,Denver,365176.8399999998
3,Bldg-014142,Denver,424057.5600000003
430,Bldg-111681,Denver,736202.879999998
65,Bldg-038071,Atlanta,760048.6799999981
1,Bldg-012582,Atlanta,776419.8999999985
28,Bldg-017035,Denver,1220198.4299999983
7,Bldg-014866,Dallas,1282872.73000001
42,Bldg-030642,Denver,2499299.0299999984
